Id,SalePrice
1461,-7.492974517705203e+16
1462,-9.519700787108562e+16
1463,-8.58648416719888e+16
1464,-6.5144712620658904e+16
1465,-4.465190575775407e+16
1466,-6.257119299803467e+16
1467,-5.9332606454025736e+16
1468,-5.4768559517466616e+16
1469,-7.322752629240475e+16
1470,-5.7425878981592616e+16
1471,-5.021401979556137e+16
1472,-1.4695867589054564e+16
1473,-1.5148022743599432e+16
1474,-2.2873405453548484e+16
1475,-2.3839052532080772e+16
1476,-9.01890101823194e+16
1477,-9.07192362144719e+16
1478,-8.551080216109632e+16
1479,-1.0123529893590322e+17
1480,-1.1468195770884182e+17
1481,-9.563336065450098e+16
1482,-5.7348689637586216e+16
1483,-1.1788635798211835e+17
1484,-3.3082525671991096e+16
1485,-7.965266659990662e+16
1486,-5.608376559418558e+16
1487,-1.1487465992851395e+17
1488,-7.044827070632474e+16
1489,-6.646132484603854e+16
1490,-7.651472541749419e+16
1491,-7.397999323142315e+16
1492,-6.623973036495894e+16
1493,-1.0287157660679082e+17
1494,-8.576885509049638e+16
1495,-7.762421680069491e+16
1496,-4.661358653709046e+16
1497,-2.8826753271977372e+16
1498,-2.4382504665606096e+16
1499,-2.0769786669564252e+16
1500,-2.06962024521199e+16
1501,-2.495611165721689e+16
1502,-1.914461906670498e+16
1503,-8.94114686958839e+16
1504,-5.143065508962094e+16
1505,-6.370952765972111e+16
1506,-8.159408118505803e+16
1507,-7.332072802422037e+16
1508,-1.1781897226816718e+17
1509,-6.251665893487219e+16
1510,-6.8727838339064856e+16
1511,-7.002493549687316e+16
1512,-7.300375179460573e+16
1513,-6.980604443653819e+16
1514,-9.5294050419976e+16
1515,-7.584748704286075e+16
1516,-1.0583338107047918e+17
1517,-7.674518488329533e+16
1518,-6.669621723900508e+16
1519,-6.460421221677337e+16
1520,-5.915150049897835e+16
1521,-7.442530706151546e+16
1522,-7.497235442771306e+16
1523,-5.560516208395769e+16
1524,-7.314001406609133e+16
1525,-7.210400447475323e+16
1526,-8.681925483033528e+16
1527,-5.5058512645220744e+16
1528,-5.386998735242436e+16
1529,-5.735971855880615e+16
1530,-7.184384331482543e+16
1531,-3.9249574328832984e+16
1532,-3.709411076843018e+16
1533,-4.988588786907547e+16
1534,-4.772236127529404e+16
1535,-7.677325618350253e+16
1536,-5.8504445208588984e+16
1537,-6.3086584122502216e+16
1538,-6.325070488821717e+16
1539,-6.002934342113545e+16
1540,-6.122857084800861e+16
1541,-6.728515385156375e+16
1542,-4.43344078551082e+16
1543,-5.600848974930659e+16
1544,-3.750170724677212e+16
1545,-3.964316610021712e+16
1546,-4.258747765739967e+16
1547,-4.6114573534036536e+16
1548,-4.179327399592519e+16
1549,-4.011759485101278e+16
1550,-4.5189763458820504e+16
1551,-4.787198896679207e+16
1552,-5.366607751824381e+16
1553,-7.864909237605645e+16
1554,-2.4321876156512228e+16
1555,-1.0467152057836482e+17
1556,-6.615575302797783e+16
1557,-6.969850923358513e+16
1558,-3.995691855508959e+16
1559,-4.520014901852125e+16
1560,-4.377563894334103e+16
1561,-8.334232951829917e+16
1562,-5.425917959117608e+16
1563,-5.41187523304614e+16
1564,-5.881852781154781e+16
1565,-6.893426963180362e+16
1566,-1.2836004565704842e+17
1567,-6.0052362572068296e+16
1568,-1.0565487228697138e+17
1569,-1.1334126866424962e+17
1570,-7.556459169422546e+16
1571,-6.541056090168047e+16
1572,-6.7494135825064776e+16
1573,-1.149988366548147e+17
1574,-7.81274237547609e+16
1575,-8.432210306360906e+16
1576,-7.812560047062821e+16
1577,-5.652918200424287e+16
1578,-8.646877416876211e+16
1579,-7.288484430276382e+16
1580,-6.093659003680571e+16
1581,-9.624474095206118e+16
1582,-5.238953530040396e+16
1583,-8.329425738221048e+16
1584,-6.275104311158309e+16
1585,-3.5607725242823476e+16
1586,-5.440403532919146e+16
1587,-5.969995686947071e+16
1588,-7.0620432180984424e+16
1589,-7.364557177560827e+16
1590,-4.887184048396357e+16
1591,-4.779042426657759e+16
1592,-4.355150273754271e+16
1593,-5.432037613395615e+16
1594,-4.4738063324709464e+16
1595,-6.376157741212504e+16
1596,-7.216921965441362e+16
1597,-9.685048766582587e+16
1598,-1.1535858497577522e+17
1599,-3.5199127918208092e+16
1600,-3.7509172290560136e+16
1601,-5.121119842671832e+16
1602,-5.822849184172825e+16
1603,-5.955195433383459e+16
1604,-4.314720027547679e+16
1605,-7.20596550229934e+16
1606,-6.945674438992204e+16
1607,-9.678844449156774e+16
1608,-8.263985927153946e+16
1609,-6.957183773107562e+16
1610,-6.067607268953574e+16
1611,-9.93377381659008e+16
1612,-7.423391408078696e+16
1613,-8.252576150411936e+16
1614,-2.5960482975367804e+16
1615,-1.438305822189396e+16
1616,-1.6665908341598492e+16
1617,-1.661206753688848e+16
1618,-4.94978305378037e+16
1619,-8.090649926405736e+16
1620,-5.579126837172871e+16
1621,-6.370068717453916e+16
1622,-6.7463314853142424e+16
1623,-7.786761187549562e+16
1624,-8.439882026798875e+16
1625,-8.223572179196642e+16
1626,-7.475227143320474e+16
1627,-6.652037343751238e+16
1628,-7.482535484329213e+16
1629,-5.5578969795336984e+16
1630,-7.332947347878973e+16
1631,-6.001796842544892e+16
1632,-6.673529210162647e+16
1633,-5.616268183124067e+16
1634,-5.215031898470289e+16
1635,-5.552153112881289e+16
1636,-5.547035367255533e+16
1637,-7.56046136093552e+16
1638,-8.46119145666518e+16
1639,-8.13001733292468e+16
1640,-8.434615102597205e+16
1641,-8.179937832062752e+16
1642,-4.9727724302565784e+16
1643,-5.3346660633066056e+16
1644,-5.733268826491368e+16
1645,-7.288614757555706e+16
1646,-7.003077526796724e+16
1647,-7.595004937555245e+16
1648,-5.8478772290540984e+16
1649,-6.032319617679397e+16
1650,-4.984379243648641e+16
1651,-6.040735832059087e+16
1652,-1.4695867589054564e+16
1653,-1.4695867589054564e+16
1654,-2.2026454836125484e+16
1655,-2.6873500906929816e+16
1656,-2.324490700604757e+16
1657,-2.2327963342501556e+16
1658,-2.3325668213112588e+16
1659,-2.2891454369184548e+16
1660,-7.247327042462448e+16
1661,-9.952789081970024e+16
1662,-8.266535549222093e+16
1663,-9.443336672091643e+16
1664,-1.1059288140195069e+17
1665,-8.634867993157522e+16
1666,-1.1547748775109802e+17
1667,-1.442548827224976e+17
1668,-7.99147272816674e+16
1669,-7.96401354098232e+16
1670,-9.767758962719264e+16
1671,-9.367994313534685e+16
1672,-1.16151672664584e+17
1673,-8.397948737033787e+16
1674,-7.419183147938226e+16
1675,-5.5955139994462936e+16
1676,-4.564146498028705e+16
1677,-7.425586092653882e+16
1678,-1.143467097374021e+17
1679,-1.1260149848849706e+17
1680,-6.584722889975357e+16
1681,-5.497139924361282e+16
1682,-1.1397086714554374e+17
1683,-3.8170134036716696e+16
1684,-6.74187303864766e+16
1685,-5.67971178727066e+16
1686,-3.40068305804438e+16
1687,-5.883781149901575e+16
1688,-5.343492639139308e+16
1689,-6.46865633888543e+16
1690,-5.7956711383759816e+16
1691,-5.234772103737181e+16
1692,-7.922760223302998e+16
1693,-6.045303564031613e+16
1694,-5.5245000290575944e+16
1695,-5.0052930652863704e+16
1696,-1.001530986982327e+17
1697,-5.0580570539021816e+16
1698,-8.623774004816408e+16
1699,-8.630973567050045e+16
1700,-6.200580642252554e+16
1701,-7.756559242457949e+16
1702,-8.372792871159408e+16
1703,-7.776567909400624e+16
1704,-7.808225673831622e+16
1705,-6.89854676990898e+16
1706,-9.426965649200797e+16
1707,-6.289726904966078e+16
1708,-6.591049444314943e+16
1709,-8.903420341231373e+16
1710,-6.020650002114875e+16
1711,-6.782550429848086e+16
1712,-6.9140610862999496e+16
1713,-8.016748111391843e+16
1714,-6.8515938973030936e+16
1715,-5.3268803374813384e+16
1716,-6.856111622972903e+16
1717,-5.616259302397182e+16
1718,-5.639773035959641e+16
1719,-6.725018080113615e+16
1720,-7.551347610769314e+16
1721,-8.57892359929871e+16
1722,-8.57892359929871e+16
1723,-8.244033794002432e+16
1724,-5.951049804813577e+16
1725,-7.2031032342737656e+16
1726,-5.1116679749072824e+16
1727,-5.705460399467845e+16
1728,-5.786615746682413e+16
1729,-6.347714917160855e+16
1730,-5.330881947596051e+16
1731,-6.604988519928012e+16
1732,-5.770993400461924e+16
1733,-6.083270067779997e+16
1734,-6.4277111049352936e+16
1735,-5.4561922214090344e+16
1736,-5.1110726632178536e+16
1737,-1.1225782871959912e+17
1738,-7.622599540382795e+16
1739,-3.1208883283399316e+16
1740,-4.4494508362478296e+16
1741,-3.978168611859801e+16
1742,-2.5053025105694908e+16
1743,-2.8580167523458652e+16
1744,-1.0254454714414264e+17
1745,-1.070734912916607e+17
1746,-6.7270254603100504e+16
1747,-8.330600119554926e+16
1748,-6.987349556541171e+16
1749,-7.00384961043197e+16
1750,-6.527608432881744e+16
1751,-8.928952097635955e+16
1752,-5.033912783981852e+16
1753,-7.337525861964477e+16
1754,-6.596969119259607e+16
1755,-1.0686082107287466e+17
1756,-5.24016047032824e+16
1757,-5.569628790846477e+16
1758,-6.886081264820202e+16
1759,-9.474839191764138e+16
1760,-6.850217846752577e+16
1761,-7.4403407241641e+16
1762,-5.680282303130624e+16
1763,-8.260103647249056e+16
1764,-6.5870166488199816e+16
1765,-7.666247628995942e+16
1766,-7.70233340004686e+16
1767,-1.0078000144220488e+17
1768,-6.305460708743407e+16
1769,-8.452576037756114e+16
1770,-6.341465702289281e+16
1771,-6.37364216993763e+16
1772,-6.6226111135401256e+16
1773,-7.259249126057254e+16
1774,-7.686175630148571e+16
1775,-5.8451098529505224e+16
1776,-8.446984685776194e+16
1777,-5.662559230923815e+16
1778,-5.531951028574718e+16
1779,-6.4840441822355224e+16
1780,-7.080447168025337e+16
1781,-6.828522688377153e+16
1782,-4.0405678483546456e+16
1783,-6.611661278542308e+16
1784,-5.228704576176812e+16
1785,-6.9925826674972296e+16
1786,-7.42093037667871e+16
1787,-4.9090102887048904e+16
1788,-3.687194267762873e+16
1789,-6.9514181880613416e+16
1790,-6.7923113844408504e+16
1791,-6.668238195215583e+16
1792,-7.369847201555018e+16
1793,-7.630192250220731e+16
1794,-5.628046854837835e+16
1795,-7.156922884810454e+16
1796,-6.163736754494345e+16
1797,-5.332622900243574e+16
1798,-5.397182015553e+16
1799,-4.889024121970365e+16
1800,-5.769122122759193e+16
1801,-6.837041191386372e+16
1802,-5.7601557826781704e+16
1803,-5.226338051710188e+16
1804,-5.9340296268373944e+16
1805,-5.71822177434484e+16
1806,-3.292596101029546e+16
1807,-6.69513912868069e+16
1808,-9.298662554042624e+16
1809,-6.174665611951983e+16
1810,-4.4611981579045416e+16
1811,-5.373248326541889e+16
1812,-6.4321086370179416e+16
1813,-4.1782639159239384e+16
1814,-5.177287106493911e+16
1815,-3.8735919990109144e+16
1816,-5.6379720794530664e+16
1817,-6.140978890725681e+16
1818,-5.796778120742529e+16
1819,-2.718501785885827e+16
1820,-2.8542864595149868e+16
1821,-4.33226138643386e+16
1822,-6.150357127397278e+16
1823,-6.0121161289545624e+16
1824,-5.433080305321207e+16
1825,-3.734103542127719e+16
1826,-4.207736513936847e+16
1827,-4.661993822472063e+16
1828,-4.538558926825285e+16
1829,-6.1319143408082024e+16
1830,-5.6602712932913256e+16
1831,-6.8075640688102824e+16
1832,-2.8947559935462332e+16
1833,-5.0135097617521656e+16
1834,-3.925313950539462e+16
1835,-4.3335937737206616e+16
1836,-4.349090523390173e+16
1837,-4.002922846467671e+16
1838,-6.4517173369513336e+16
1839,-3.2397952827652924e+16
1840,-7.474612344897306e+16
1841,-7.272003390686974e+16
1842,-6.101840629687625e+16
1843,-7.714091185681746e+16
1844,-5.591074853136249e+16
1845,-9.32324338909796e+16
1846,-9.81815348394999e+16
1847,-1.092326551230335e+17
1848,-5.582805515692954e+16
1849,-9.962625034180142e+16
1850,-6.637247433691712e+16
1851,-6.0766047489664536e+16
1852,-5.5120304580860104e+16
1853,-3.731106235218442e+16
1854,-7.26864383727819e+16
1855,-1.1999885860893187e+17
1856,-7.014511473850808e+16
1857,-1.5503683327207408e+17
1858,-4.7950281272109256e+16
1859,-5.492924003174007e+16
1860,-5.4543577140606584e+16
1861,-5.462430827558378e+16
1862,-7.667447111163019e+16
1863,-5.559041198718927e+16
1864,-5.578962296461632e+16
1865,-8.176848875068154e+16
1866,-8.202470488502558e+16
1867,-6.97200158630906e+16
1868,-8.691958739184648e+16
1869,-5.422874631434103e+16
1870,-7.293020797558394e+16
1871,-8.34174906243882e+16
1872,-7.097298163358672e+16
1873,-1.0263954599244485e+17
1874,-6.622588984235629e+16
1875,-9.966710644903302e+16
1876,-5.822142001556511e+16
1877,-7.775798640689878e+16
1878,-8.07555264309111e+16
1879,-1.001389984073494e+17
1880,-5.006157375393412e+16
1881,-8.497090907344936e+16
1882,-7.889841989762902e+16
1883,-5.691505018539251e+16
1884,-7.173531842542499e+16
1885,-1.055907962715406e+17
1886,-9.408764206957298e+16
1887,-6.671021741462833e+16
1888,-7.701206684127045e+16
1889,-6.639545241313056e+16
1890,-7.304586957775986e+16
1891,-3.3215969504510708e+16
1892,-4.6628569196432616e+16
1893,-8.150393639034509e+16
1894,-8.203602620176325e+16
1895,-8.384003146098387e+16
1896,-5.4761990892930376e+16
1897,-4.4536542960101416e+16
1898,-3.8289499518572616e+16
1899,-6.20959164172642e+16
1900,-4.590849955713776e+16
1901,-8.378690394223882e+16
1902,-9.664606305884582e+16
1903,-5.761789019817493e+16
1904,-6.4376005146214264e+16
1905,-9.340951424487306e+16
1906,-9.67478265802168e+16
1907,-1.1899736198685534e+17
1908,-1.541313884480742e+16
1909,-1.4405772570319962e+16
1910,-1.5073398548724118e+16
1911,-8.635056411134173e+16
1912,-1.2595887172505709e+17
1913,-5.711775314023522e+16
1914,-6.282942535624079e+16
1915,-4.334715406650467e+16
1916,-1.2631187769661162e+17
1917,-6.7008706369437464e+16
1918,-6.52390636362484e+16
1919,-6.731756989672676e+16
1920,-8.162868984746557e+16
1921,-1.0092267153278464e+17
1922,-1.0056774933251179e+17
1923,-6.846497582819751e+16
1924,-9.853220619724954e+16
1925,-6.177808150932251e+16
1926,-9.537613395913731e+16
1927,-8.134030496639326e+16
1928,-9.089961874304614e+16
1929,-5.240827948060991e+16
1930,-5.469731171533009e+16
1931,-5.3357476503921416e+16
1932,-6.342644739435153e+16
1933,-6.541211780658381e+16
1934,-5.82746259396613e+16
1935,-5.161188439542661e+16
1936,-6.275956497200534e+16
1937,-9.216399547046101e+16
1938,-9.516194375030451e+16
1939,-5.694283342869886e+16
1940,-4.500187098836915e+16
1941,-7.167389117763113e+16
1942,-8.571497927337739e+16
1943,-5.0528263457591496e+16
1944,-8.634942868019504e+16
1945,-1.0897909755294464e+17
1946,-1.8889967923991066e+17
1947,-6.736013969448503e+16
1948,-2.751408821287388e+17
1949,-9.15833989477238e+16
1950,-7.571062193942307e+16
1951,-1.2842910329490874e+17
1952,-1.0244801301127498e+17
1953,-8.710936564496098e+16
1954,-7.065435408089676e+16
1955,-6.121410301013372e+16
1956,-8.409875031302603e+16
1957,-7.596740360718414e+16
1958,-9.18909852015699e+16
1959,-5.9018540363935816e+16
1960,-6.837561830494748e+16
1961,-5.2654282442349064e+16
1962,-1.4695867589054564e+16
1963,-1.5826524487964828e+16
1964,-1.6385720947067952e+16
1965,-2.3024159706736516e+16
1966,-2.8208810716523772e+16
1967,-9.02810869133235e+16
1968,-1.0768291749890288e+17
1969,-1.045994325764929e+17
1970,-9.599667388367136e+16
1971,-8.768537767393192e+16
1972,-8.310562673377893e+16
1973,-5.869525437742682e+16
1974,-7.0680649500029816e+16
1975,-1.0282280248502323e+17
1976,-8.02498272494817e+16
1977,-1.0953219588729085e+17
1978,-1.1161100261785109e+17
1979,-8.022165392653309e+16
1980,-8.515365900967098e+16
1981,-6.921876958619165e+16
1982,-5.215880483407144e+16
1983,-5.215880483407144e+16
1984,-2.198576907021473e+16
1985,-4.123186689856604e+16
1986,-4.252466618439121e+16
1987,-3.694293549229065e+16
1988,-5.833235727263202e+16
1989,-5.2946434747523176e+16
1990,-5.459211350078375e+16
1991,-5.807131503070902e+16
1992,-5.632338480265333e+16
1993,-5.0060583008940904e+16
1994,-7.880259716887933e+16
1995,-5.554546622447483e+16
1996,-6.625658060104201e+16
1997,-7.908546154638469e+16
1998,-9.054155515907552e+16
1999,-7.171930964489831e+16
2000,-7.89511867328719e+16
2001,-6.691970217762707e+16
2002,-9.318162065999152e+16
2003,-7.02548006424661e+16
2004,-6.209197953729863e+16
2005,-7.423428812385734e+16
2006,-6.547157817922786e+16
2007,-8.016644903638938e+16
2008,-5.7227626838271384e+16
2009,-6.4222681811498536e+16
2010,-7.863332438556989e+16
2011,-8.663296407964e+16
2012,-6.592903842047028e+16
2013,-5.419316426107895e+16
2014,-5.628899105532833e+16
2015,-8.824084970331976e+16
2016,-5.5196939432254456e+16
2017,-5.443450631969722e+16
2018,-6.260555932504097e+16
2019,-5.556168589668974e+16
2020,-5.780573586896601e+16
2021,-4.619338587714755e+16
2022,-1.2481196602537277e+17
2023,-7.046472229637921e+16
2024,-6.4575063431463224e+16
2025,-8.272568335532211e+16
2026,-3.568816200062826e+16
2027,-2.4194061849121052e+16
2028,-2.5399517339478204e+16
2029,-2.1092882238094776e+16
2030,-4.824752736858361e+16
2031,-4.2552488417133976e+16
2032,-4.323636937466367e+16
2033,-4.3659125065619784e+16
2034,-1.9586916747918116e+16
2035,-6.746857050709388e+16
2036,-2.626623851249286e+16
2037,-2.6223314385650316e+16
2038,-3.837370346057766e+16
2039,-7.668298537987203e+16
2040,-1.500541192800091e+17
2041,-1.1011310889620285e+17
2042,-5.179057392164159e+16
2043,-7.952265892314445e+16
2044,-8.35612118747982e+16
2045,-1.052521759201807e+17
2046,-7.49712723450362e+16
2047,-5.608393467853113e+16
2048,-5.650539551516287e+16
2049,-8.351368234942525e+16
2050,-8.185266096026762e+16
2051,-5.3240044308537976e+16
2052,-6.8710932738971096e+16
2053,-7.647626240535658e+16
2054,-3.134536237242825e+16
2055,-7.184676007669951e+16
2056,-6.8142875087098664e+16
2057,-5.516253694585471e+16
2058,-9.2447779166401e+16
2059,-6.39475124218766e+16
2060,-7.238567425371792e+16
2061,-9.231956660873677e+16
2062,-7.13992589064676e+16
2063,-7.3986612505559e+16
2064,-6.6399123433914264e+16
2065,-8.200694217490144e+16
2066,-9.937266361749837e+16
2067,-6.728585164593233e+16
2068,-9.218540247775094e+16
2069,-6.4203208719658104e+16
2070,-4.9903113474968936e+16
2071,-3.83689998932264e+16
2072,-7.435080086638573e+16
2073,-6.8898731685164024e+16
2074,-7.928342820390538e+16
2075,-8.456286942236267e+16
2076,-5.088199276852361e+16
2077,-6.044526817693284e+16
2078,-5.727782994998999e+16
2079,-5.358557080865036e+16
2080,-4.7886871784179096e+16
2081,-4.971103883199815e+16
2082,-7.0731696198543e+16
2083,-5.1094494198901864e+16
2084,-5.017658076164987e+16
2085,-5.6315201674891944e+16
2086,-6.612316201444898e+16
2087,-6.1345978806785096e+16
2088,-3.3859280367166724e+16
2089,-3.5138551610625652e+16
2090,-4.088598182538241e+16
2091,-7.1626243681635336e+16
2092,-5.428585849902112e+16
2093,-5.0967089086018136e+16
2094,-4.302356179648979e+16
2095,-6.924704399380469e+16
2096,-4.769640643665241e+16
2097,-4.0492970159168136e+16
2098,-5.974443904583555e+16
2099,-4.499260155916196e+16
2100,-8.464147062551032e+16
2101,-5.898466750543916e+16
2102,-3.7148054716184696e+16
2103,-5.743711840611823e+16
2104,-6.7668705626383784e+16
2105,-4.235998958591105e+16
2106,-7.03138757052837e+16
2107,-7.389308001105462e+16
2108,-6.6105211631191784e+16
2109,-6.037236409880962e+16
2110,-5.373632856794686e+16
2111,-5.414607042275727e+16
2112,-5.2032175168161944e+16
2113,-3.722969248329858e+16
2114,-4.016767455958953e+16
2115,-4.489701937306665e+16
2116,-4.543080358570999e+16
2117,-4.234211213748707e+16
2118,-4.3077317791828344e+16
2119,-4.087602063459918e+16
2120,-3.6204459563990744e+16
2121,-5.0206902850081576e+16
2122,-4.139422832079964e+16
2123,-4.197484053246144e+16
2124,-4.857376110183598e+16
2125,-4.819094822481399e+16
2126,-6.334038966838794e+16
2127,-5.9241076747746376e+16
2128,-3.3136068140990836e+16
2129,-4.44940499587685e+16
2130,-6.432597319218559e+16
2131,-5.461486745517409e+16
2132,-6.6860815684787416e+16
2133,-5.3150376476901896e+16
2134,-4.7651322672265e+16
2135,-6.524178664108699e+16
2136,-6.49198202928364e+16
2137,-6.564149019550219e+16
2138,-7.510891475540747e+16
2139,-8.4993636363911e+16
2140,-6.898866593758076e+16
2141,-5.422032082182503e+16
2142,-6.857994733002763e+16
2143,-5.524094534358632e+16
2144,-8.564889417422893e+16
2145,-6.302198791904014e+16
2146,-9.221879297433203e+16
2147,-7.855739519255738e+16
2148,-5.52819443040255e+16
2149,-6.7314994651201976e+16
2150,-1.3021480649419986e+17
2151,-3.5408107414389064e+16
2152,-1.2642039196545739e+17
2153,-7.240305541528867e+16
2154,-6.229178648544131e+16
2155,-5.7660030637519256e+16
2156,-6.416557837414469e+16
2157,-7.593339634933811e+16
2158,-8.851052698827816e+16
2159,-7.158236446035617e+16
2160,-6.435573648173258e+16
2161,-7.265240367450152e+16
2162,-9.488124876463693e+16
2163,-8.78004975574728e+16
2164,-8.227599963544547e+16
2165,-8.341468663141709e+16
2166,-6.618820127905928e+16
2167,-6.643330867717217e+16
2168,-8.096000615449126e+16
2169,-5.748411305055449e+16
2170,-7.664918068870528e+16
2171,-8.136785303326938e+16
2172,-6.4502620593645416e+16
2173,-9.685544216088416e+16
2174,-7.1969123960831336e+16
2175,-7.001582793073144e+16
2176,-1.0468950752555574e+17
2177,-7.188068849593119e+16
2178,-7.330432076153587e+16
2179,-3.5559268518584468e+16
2180,-7.994181910142886e+16
2181,-7.248158290901125e+16
2182,-8.116992151445294e+16
2183,-7.0630854802506344e+16
2184,-6.800283132813185e+16
2185,-7.790970100268038e+16
2186,-5.0584870041279736e+16
2187,-6.7107444461347e+16
2188,-4.676690372411729e+16
2189,-2.9575324308563283e+17
2190,-4.523532182411587e+16
2191,-4.972026085645992e+16
2192,-4.816116718785596e+16
2193,-7.271312076575958e+16
2194,-5.329235037551275e+16
2195,-6.406936712904316e+16
2196,-5.596919406898383e+16
2197,-4.011016846982942e+16
2198,-5.8424310869647336e+16
2199,-5.333358664463722e+16
2200,-5.619387601679705e+16
2201,-9.194624468080371e+16
2202,-5.054579594623927e+16
2203,-6.1588878547786936e+16
2204,-7.825504855525288e+16
2205,-6.1716488451367576e+16
2206,-5.709162084684739e+16
2207,-6.284282051882246e+16
2208,-8.06110888633024e+16
2209,-1.666316468511609e+17
2210,-1.6199214593573604e+16
2211,-5.0333357971306856e+16
2212,-4.2035583130936824e+16
2213,-5.383747271559902e+16
2214,-4.500956684155127e+16
2215,-5.1369733479831704e+16
2216,-6.2733648953995624e+16
2217,-8.670806057887309e+16
2218,-3.700720879439763e+16
2219,-3.539763302388939e+16
2220,-5.397519127962695e+16
2221,-4.334715406650467e+16
2222,-4.314720027547679e+16
2223,-1.5535886391885187e+17
2224,-7.022093175661752e+16
2225,-6.378131127816414e+16
2226,-7.712470654407906e+16
2227,-4.215341550632193e+16
2228,-8.346482957389398e+16
2229,-8.0163561147147e+16
2230,-6.01721410530388e+16
2231,-7.404805491083565e+16
2232,-9.0079175986851e+16
2233,-1.1571285421176075e+17
2234,-8.020880480227408e+16
2235,-6.5759097055060616e+16
2236,-8.595892644645024e+16
2237,-8.879697200883898e+16
2238,-6.6723485321730664e+16
2239,-6.505773931049416e+16
2240,-4.067426879390804e+16
2241,-9.271279998070424e+16
2242,-3.712735299520215e+16
2243,-2.502006561038065e+16
2244,-1.6959394644264416e+16
2245,-1.4753772940294656e+16
2246,-1.1272000648056864e+17
2247,-1.438844230236496e+16
2248,-4.6229399155437736e+16
2249,-4.722276463860745e+16
2250,-7.896552387302115e+16
2251,-3.1800755565541e+17
2252,-7.938287303378352e+16
2253,-5.592364321566545e+16
2254,-6.442213388430733e+16
2255,-5.7969293206787464e+16
2256,-5.019546640395065e+16
2257,-5.0823921887182024e+16
2258,-6.781791727632371e+16
2259,-5.228716983581105e+16
2260,-1.1384046174975802e+17
2261,-4.179351154721439e+16
2262,-4.58034347534877e+16
2263,-7.962051749657126e+16
2264,-3.130281452981894e+17
2265,-2.428112332578379e+17
2266,-6.555776343355612e+16
2267,-1.0668127461016725e+17
2268,-1.021225302595496e+17
2269,-7.676943139447822e+16
2270,-7.358039291280317e+16
2271,-8.887520580799582e+16
2272,-7.351807307946384e+16
2273,-8.001736622780806e+16
2274,-7.445839457998218e+16
2275,-8.795167783148907e+16
2276,-6.646578233729647e+16
2277,-5.64453348149153e+16
2278,-6.926235276770565e+16
2279,-5.5284131810805336e+16
2280,-1.0524301450122602e+17
2281,-4.0637707632362184e+16
2282,-7.759206899060277e+16
2283,-1.797466499087509e+16
2284,-1.9259375661234156e+16
2285,-2.7013371293604548e+16
2286,-5.216192883850018e+16
2287,-9.218318330956106e+16
2288,-8.709762027284003e+16
2289,-1.0648353871486192e+17
2290,-9.883783646348917e+16
2291,-8.526863125560806e+16
2292,-1.1124285853967797e+17
2293,-1.100886501709809e+17
2294,-9.51668621709495e+16
2295,-1.2419367807998922e+17
2296,-1.1041004173326451e+17
2297,-6.3084063072929704e+16
2298,-9.822893797754726e+16
2299,-9.156493812645371e+16
2300,-9.158062091167534e+16
2301,-7.815991971340712e+16
2302,-7.576672282017533e+16
2303,-7.362860279729955e+16
2304,-7.465218035751666e+16
2305,-3.901217629328284e+16
2306,-3.902294445422484e+16
2307,-5.2699256936708824e+16
2308,-4.620737294823764e+16
2309,-6.402914554295481e+16
2310,-5.190983589046894e+16
2311,-3.68887228846184e+16
2312,-9.42570755650214e+16
2313,-6.416983485852655e+16
2314,-7.776373584423074e+16
2315,-5.634733963564865e+16
2316,-5.989418772956989e+16
2317,-8.411276400112829e+16
2318,-5.3169999641751304e+16
2319,-5.010891167220756e+16
2320,-5.8809597644063176e+16
2321,-4.098695541785472e+16
2322,-3.7485879036116616e+16
2323,-1.0204577094379755e+17
2324,-6.772154427616782e+16
2325,-7.99336842782119e+16
2326,-7.247540284500611e+16
2327,-5.1864679804916696e+16
2328,-5.666909542832697e+16
2329,-6.248102534013249e+16
2330,-6.3793974117872424e+16
2331,-8.8665907740376e+16
2332,-7.637616381304429e+16
2333,-7.630005740993512e+16
2334,-7.069772821566783e+16
2335,-7.63693314781615e+16
2336,-6.4673374814221256e+16
2337,-7.229183357804981e+16
2338,-8.502213626255176e+16
2339,-7.832704224662211e+16
2340,-9.336879914231987e+16
2341,-7.478718367244358e+16
2342,-6.890609778564333e+16
2343,-6.522261700352114e+16
2344,-6.326307073702041e+16
2345,-6.4191101561172104e+16
2346,-6.502527153256278e+16
2347,-6.6922045678189496e+16
2348,-5.708027139437536e+16
2349,-6.431772514361888e+16
2350,-7.709591593468042e+16
2351,-7.809256080450573e+16
2352,-8.696775172056779e+16
2353,-7.059643406991988e+16
2354,-5.5595497096877256e+16
2355,-5.6190256239927656e+16
2356,-8.216370578046598e+16
2357,-6.0550259182497e+16
2358,-7.326179082678173e+16
2359,-5.0551302706892264e+16
2360,-4.620452808115995e+16
2361,-5.463638268689825e+16
2362,-1.2004207257760056e+17
2363,-7.222775140549362e+16
2364,-8.300560790046013e+16
2365,-4.263696896474309e+16
2366,-3.4861789932152236e+16
2367,-4.187614362886318e+16
2368,-3.811545295323329e+16
2369,-5.0136266064866904e+16
2370,-2.1190994528020584e+16
2371,-2.0356728344575116e+16
2372,-5.814970238785961e+16
2373,-5.591120716937999e+16
2374,-5.9836700626433224e+16
2375,-7.163025284616478e+16
2376,-9.632062750114992e+16
2377,-1.3015996042464104e+17
2378,-7.828873136769187e+16
2379,-5.936622649338745e+16
2380,-6.1640979160457576e+16
2381,-8.090579863077624e+16
2382,-8.212712629519677e+16
2383,-7.344952416210754e+16
2384,-6.9925271997763336e+16
2385,-7.293232840613392e+16
2386,-7.269904546824142e+16
2387,-5.82327906246305e+16
2388,-7.23514546636363e+16
2389,-5.4487310774219624e+16
2390,-9.285730100942714e+16
2391,-5.771477020183456e+16
2392,-5.909940080920797e+16
2393,-6.390872154706095e+16
2394,-6.394620063486024e+16
2395,-5.639213776829187e+16
2396,-7.96365582936402e+16
2397,-1.4115069286058675e+17
2398,-7.786522453516502e+16
2399,-3.61323780569584e+16
2400,-2.4300199589582972e+16
2401,-3.903868047224774e+16
2402,-6.7401902288203016e+16
2403,-6.8246642756848264e+16
2404,-7.0517655292572024e+16
2405,-6.8936261616242664e+16
2406,-6.011105478196055e+16
2407,-5.087717766146814e+16
2408,-5.898347187516613e+16
2409,-6.481861660150759e+16
2410,-7.518511518567837e+16
2411,-6.535533354598099e+16
2412,-8.464027266533915e+16
2413,-7.092936882336876e+16
2414,-7.74079313036897e+16
2415,-6.507003527895752e+16
2416,-7.20681703091883e+16
2417,-5.714536418638483e+16
2418,-5.877440939058319e+16
2419,-5.225863650969279e+16
2420,-5.801531189695767e+16
2421,-7.26584304751415e+16
2422,-9.77574726340674e+16
2423,-8.89201618260575e+16
2424,-8.196134970845035e+16
2425,-1.2732652270081888e+17
2426,-6.6981443296142296e+16
2427,-6.689532802983372e+16
2428,-6.655653798626175e+16
2429,-5.9209312413726136e+16
2430,-5.785568349294663e+16
2431,-5.489303027936838e+16
2432,-5.476560061820227e+16
2433,-5.556765476819617e+16
2434,-5.97293698595549e+16
2435,-6.211889274226073e+16
2436,-4.801954516076563e+16
2437,-4.748556519018786e+16
2438,-4.9236369286250984e+16
2439,-5.05556394514119e+16
2440,-4.334793213559471e+16
2441,-3.825670865217598e+16
2442,-3.0351295428371916e+16
2443,-5.2889925877728664e+16
2444,-5.68526034688345e+16
2445,-4.1141278211339464e+16
2446,-6.635865117209781e+16
2447,-6.597430610964895e+16
2448,-6.376202459401491e+16
2449,-3.187191941528853e+16
2450,-5.740265371002981e+16
2451,-2.7513601112171716e+16
2452,-8.718511079194549e+16
2453,-5.725430525442899e+16
2454,-7.896713324137637e+16
2455,-4.88519301600682e+16
2456,-5.82152988829651e+16
2457,-4.193100098355958e+16
2458,-3.941746058546361e+16
2459,-4.517783872366558e+16
2460,-4.438568608670737e+16
2461,-4.456226110259578e+16
2462,-4.665207746433656e+16
2463,-4.427652725720684e+16
2464,-5.458921458628177e+16
2465,-5.6817756208861384e+16
2466,-5.8025436417275176e+16
2467,-3.861065197556549e+16
2468,-4.208790883736126e+16
2469,-4.348374851471829e+16
2470,-8.81335172697775e+16
2471,-6.4161131286340424e+16
2472,-6.9174350834455576e+16
2473,-3.384919641717119e+16
2474,-6.6258832898993144e+16
2475,-8.410699683916509e+16
2476,-3.3590863515903732e+16
2477,-7.411097482593936e+16
2478,-8.048854402132789e+16
2479,-9.088785746131275e+16
2480,-9.018119495662426e+16
2481,-7.725490474557453e+16
2482,-5.710052709740918e+16
2483,-5.900420903538049e+16
2484,-5.825883890730351e+16
2485,-5.659710463212881e+16
2486,-9.497840606597635e+16
2487,-1.074057561443354e+17
2488,-4.716652155554905e+16
2489,-7.832714511384395e+16
2490,-9.035694780720862e+16
2491,-5.9603006174640664e+16
2492,-7.979636955161893e+16
2493,-1.1032974862134053e+17
2494,-1.4323784543025333e+17
2495,-1.1104004663207366e+17
2496,-9.870199186163525e+16
2497,-6.8959131528409224e+16
2498,-4.1024668624986344e+16
2499,-7.252970138177062e+16
2500,-3.518834121204088e+16
2501,-6.8526409465915256e+16
2502,-7.388395221687507e+16
2503,-5.342614255536569e+16
2504,-1.4260570413984075e+17
2505,-6.1831667074313016e+16
2506,-7.22298952123079e+16
2507,-8.603031327796506e+16
2508,-7.792086827015622e+16
2509,-8.464673625678331e+16
2510,-6.788278742923595e+16
2511,-5.655777769160472e+16
2512,-6.044389233634521e+16
2513,-5.897154622515524e+16
2514,-1.3006556860857776e+17
2515,-9.068150019831522e+16
2516,-6.1506787691467864e+16
2517,-5.907044689639562e+16
2518,-1.0433915542068589e+17
2519,-7.0112558821567736e+16
2520,-7.646304293552115e+16
2521,-6.134092836086193e+16
2522,-5.939243970758087e+16
2523,-7.58178384634516e+16
2524,-6.077702870646822e+16
2525,-6.6252195822712184e+16
2526,-6.2744807876226136e+16
2527,-1.0022334837282749e+17
2528,-6.420914005054532e+16
2529,-5.071601347278861e+16
2530,-4.956323537763428e+16
2531,-8.42712546034622e+16
2532,-5.887041378587435e+16
2533,-5.404239488323103e+16
2534,-8.614010036879834e+16
2535,-8.784893535332397e+16
2536,-9.658180367794227e+16
2537,-1.1129986536098435e+17
2538,-5.255271045505806e+16
2539,-6.361681454189413e+16
2540,-6.326709004461307e+16
2541,-5.353425749300448e+16
2542,-5.775201093709305e+16
2543,-6.58451004835769e+16
2544,-5.977985482171127e+16
2545,-9.923311948990552e+16
2546,-6.067241367567358e+16
2547,-4.80555677150626e+16
2548,-6.1414498394383784e+16
2549,-4.658726212125072e+16
2550,-2.820126891417832e+17
2551,-3.3215969504510708e+16
2552,-4.7736583461867576e+16
2553,-4.991947183388697e+16
2554,-6.359114371929187e+16
2555,-6.383390091968332e+16
2556,-5.4621505324721864e+16
2557,-5.594933969060183e+16
2558,-7.390949322924637e+16
2559,-5.8206353548065704e+16
2560,-4.583379258596366e+16
2561,-2.819772909050284e+16
2562,-4.604771212737242e+16
2563,-4.642759895043068e+16
2564,-4.913697174922663e+16
2565,-8.426722541234856e+16
2566,-5.719063375615036e+16
2567,-4.270510822513746e+16
2568,-1.5879072403767638e+17
2569,-1.3676462994353552e+17
2570,-1.5822149211644602e+16
2571,-1.194561282888228e+17
2572,-3.5101357504853612e+16
2573,-1.34871309105635e+17
2574,-1.2833879658217752e+17
2575,-4.663566283990852e+16
2576,-5.082642431196626e+16
2577,-5.977724077063911e+16
2578,-3.1057060388156196e+16
2579,-6.673357960778434e+16
2580,-5.6559497777303864e+16
2581,-5.0187928441087336e+16
2582,-4.60363413586228e+16
2583,-5.231656589548976e+16
2584,-8.259035334952091e+16
2585,-7.322502038222314e+16
2586,-8.874967160850416e+16
2587,-7.383247756389648e+16
2588,-5.963247952003141e+16
2589,-5.932233695993271e+16
2590,-4.25884305929514e+16
2591,-1.344665225610806e+17
2592,-6.84156960446991e+16
2593,-6.626192336532129e+16
2594,-7.284083187325702e+16
2595,-5.4197606936952104e+16
2596,-8.745150504688432e+16
2597,-6.249504610670991e+16
2598,-7.65804142631805e+16
2599,-9.324606633053818e+16
2600,-2.5692434234829274e+17
2601,-4.903107999492515e+16
2602,-1.4533812475081994e+16
2603,-1.4640341588464532e+16
2604,-1.4485355750842984e+16
2605,-1.661206753688848e+16
2606,-6.2867291573542504e+16
2607,-1.0437128853210174e+17
2608,-2.047749396628624e+17
2609,-5.3052538558837736e+16
2610,-4.7207257745622696e+16
2611,-1.707996470878238e+17
2612,-7.528429014950362e+16
2613,-7.387665237402918e+16
2614,-6.845499812724021e+16
2615,-7.694839116592877e+16
2616,-7.08316011376196e+16
2617,-8.77198705746236e+16
2618,-2.3211156600832016e+17
2619,-8.874154283921478e+16
2620,-5.414394469424805e+16
2621,-7.919723866603224e+16
2622,-6.207630841801893e+16
2623,-8.351391420052675e+16
2624,-9.650381781531402e+16
2625,-9.80425359809134e+16
2626,-5.962714037406612e+16
2627,-3.654524213729199e+16
2628,-1.0295562567527648e+17
2629,-1.145761439994355e+17
2630,-7.860003673812386e+16
2631,-1.1028054214629472e+17
2632,-1.0207956065087565e+17
2633,-6.7571604460055736e+16
2634,-1.2574235397960566e+17
2635,-7.1277979850815704e+16
2636,-6.7901228178843704e+16
2637,-6.833165096603638e+16
2638,-6.171608168513922e+16
2639,-6.9312245361358104e+16
2640,-6.909719309831414e+16
2641,-5.082769841414101e+16
2642,-6.7042806222719176e+16
2643,-2.0962829652280788e+16
2644,-2.0984515085055972e+16
2645,-1.5913263982438036e+16
2646,-1.4775583824619282e+16
2647,-1.5148022743599432e+16
2648,-3.6553951061310504e+16
2649,-5.845812316698497e+16
2650,-2.686817467924446e+16
2651,-2.2329613325977356e+16
2652,-1.1052893699243315e+17
2653,-1.0940255914972184e+17
2654,-8.985305950662685e+16
2655,-1.054142778528062e+17
2656,-8.839472883079099e+16
2657,-7.500190981776122e+16
2658,-8.38655599484476e+16
2659,-6.930879832034759e+16
2660,-8.232589323691835e+16
2661,-9.886054540512128e+16
2662,-1.0445553221335763e+17
2663,-8.98611675588151e+16
2664,-5.345857536897399e+16
2665,-6.499299868497656e+16
2666,-5.735632852155951e+16
2667,-6.369833078101473e+16
2668,-6.378350270375075e+16
2669,-8.11192152592516e+16
2670,-7.447308436064366e+16
2671,-5.751643303550529e+16
2672,-3.5103606091173244e+16
2673,-3.633728758759044e+16
2674,-3.7463999312180456e+16
2675,-3.2001903317154108e+16
2676,-5.9573725823394696e+16
2677,-5.868774406707224e+16
2678,-7.747510080140877e+16
2679,-6.5007964744221544e+16
2680,-6.583513815955114e+16
2681,-6.832414812064658e+16
2682,-6.9887740577263544e+16
2683,-1.1583335825757104e+17
2684,-7.0691551011665576e+16
2685,-8.61399317860338e+16
2686,-8.067592197106173e+16
2687,-1.050338467194773e+17
2688,-7.96831672183158e+16
2689,-6.41953750538878e+16
2690,-9.779196614278306e+16
2691,-5.385954107817348e+16
2692,-5.743091538169304e+16
2693,-7.87184790700606e+16
2694,-8.602437332861168e+16
2695,-5.2694930368896936e+16
2696,-5.091914626813292e+16
2697,-5.5893642715125176e+16
2698,-6.02884976669743e+16
2699,-5.796749012122093e+16
2700,-5.546396907721806e+16
2701,-5.5957949099132216e+16
2702,-6.266088575695263e+16
2703,-6.167430038844218e+16
2704,-6.5575005098559464e+16
2705,-6.3725448063009224e+16
2706,-5.799663234679416e+16
2707,-5.930204927674132e+16
2708,-8.44367096655546e+16
2709,-5.5794876641949624e+16
2710,-6.025912085407156e+16
2711,-1.0482076883014754e+17
2712,-7.72188450447458e+16
2713,-3.5343096656210796e+16
2714,-1.9829294999822268e+16
2715,-2.518704703531779e+16
2716,-3.0149679549431548e+16
2717,-5.409961051884047e+16
2718,-6.034578387982172e+16
2719,-8.698000352743349e+16
2720,-7.304606580715302e+16
2721,-6.622431729506199e+16
2722,-5.697734198052439e+16
2723,-6.389476738367796e+16
2724,-5.747408230946532e+16
2725,-6.708038608995119e+16
2726,-6.746916201307446e+16
2727,-6.801984238637835e+16
2728,-7.512540913865578e+16
2729,-5.882835058773426e+16
2730,-7.541004063191304e+16
2731,-5.732060492570032e+16
2732,-6.65016634561618e+16
2733,-7.102330482325895e+16
2734,-8.044364140724592e+16
2735,-6.8080434396589976e+16
2736,-6.281668409275849e+16
2737,-6.618429755324997e+16
2738,-6.991923738559757e+16
2739,-8.561213031085958e+16
2740,-6.6291800049944744e+16
2741,-6.360003796605319e+16
2742,-6.964759689730276e+16
2743,-7.19593409095028e+16
2744,-7.0206037097442584e+16
2745,-5.809129233681418e+16
2746,-8.274016588885358e+16
2747,-7.292183403176374e+16
2748,-5.5047067466864904e+16
2749,-7.339498001102966e+16
2750,-8.78297972189566e+16
2751,-9.52928597477453e+16
2752,-1.3992224704211635e+17
2753,-8.976865148646523e+16
2754,-1.3795937454537715e+17
2755,-5.167812380701368e+16
2756,-6.591033898003726e+16
2757,-6.8651578753377736e+16
2758,-4.337235146063025e+16
2759,-4.749743415929974e+16
2760,-7.047729297393007e+16
2761,-7.051484687594017e+16
2762,-6.7705736700554136e+16
2763,-8.144660245268802e+16
2764,-7.916468564289778e+16
2765,-1.2232377664894614e+17
2766,-7.672227359788907e+16
2767,-5.761694223354417e+16
2768,-6.73513997714604e+16
2769,-5.359503726027245e+16
2770,-5.429635061099173e+16
2771,-4.963919737858836e+16
2772,-5.1866086263032904e+16
2773,-6.416077093398935e+16
2774,-6.770411442766642e+16
2775,-4.4542660258795144e+16
2776,-6.328996371958747e+16
2777,-4.4914324486487864e+16
2778,-2.723845962659808e+16
2779,-5.453232322681027e+16
2780,-5.595251114789024e+16
2781,-4.200252721517131e+16
2782,-4.9949036686097816e+16
2783,-4.958106432475982e+16
2784,-4.558295127346707e+16
2785,-4.205819519455639e+16
2786,-4.8962626001734504e+16
2787,-6.288572455360013e+16
2788,-4.2449135175561384e+16
2789,-4.9082745833667e+16
2790,-3.9530853292547656e+16
2791,-6.577325303972179e+16
2792,-3.97419720485715e+16
2793,-7.515411145843224e+16
2794,-4.213300925769812e+16
2795,-4.2008263261433016e+16
2796,-7.412970415616626e+16
2797,-1.9877247533405606e+17
2798,-6.524734760850597e+16
2799,-4.7600019434601256e+16
2800,-5.922834516846528e+16
2801,-5.237580643013858e+16
2802,-8.015072647501074e+16
2803,-8.65277638393072e+16
2804,-1.3337425483575034e+17
2805,-5.594467462198788e+16
2806,-4.013251568158373e+16
2807,-4.4453882739471e+16
2808,-7.570243517219408e+16
2809,-6.8671636297893864e+16
2810,-6.310452187628457e+16
2811,-7.075281840782415e+16
2812,-5.280810943818375e+16
2813,-7.922788319203549e+16
2814,-7.12958314163142e+16
2815,-1.0643883352158392e+17
2816,-1.3499813435997104e+17
2817,-8.40939829131426e+16
2818,-6.938491075941074e+16
2819,-1.8736551273441744e+16
2820,-6.8128577372738664e+16
2821,-4.5266047538788696e+16
2822,-1.2276084728726802e+17
2823,-1.2824695527227709e+17
2824,-8.503334164505115e+16
2825,-8.148624557652013e+16
2826,-7.125527689577965e+16
2827,-6.476874958635404e+16
2828,-7.972723682998557e+16
2829,-6.849020713947287e+16
2830,-7.617191001541258e+16
2831,-5.702470179284021e+16
2832,-9.752948643805051e+16
2833,-8.463673628150298e+16
2834,-7.044371300260408e+16
2835,-7.248243373286458e+16
2836,-5.9342466206615736e+16
2837,-8.380736231402283e+16
2838,-8.52887008944492e+16
2839,-7.648718218337434e+16
2840,-6.647090504783657e+16
2841,-5.989859435725439e+16
2842,-8.374821137810102e+16
2843,-5.292765249722657e+16
2844,-7.288160823484856e+16
2845,-5.071601347278861e+16
2846,-6.366281241102676e+16
2847,-6.0724883862838776e+16
2848,-7.845550154670544e+16
2849,-5.692313887175441e+16
2850,-6.9667308952091976e+16
2851,-1.2865489012373179e+17
2852,-7.355199955344654e+16
2853,-7.152180907766457e+16
2854,-3.5607725242823476e+16
2855,-6.665980882748466e+16
2856,-5.6160628347981256e+16
2857,-5.437998840457677e+16
2858,-6.570830693877912e+16
2859,-5.61627714999477e+16
2860,-5.6113030856624696e+16
2861,-1.0312746600935277e+17
2862,-4.78061564689136e+16
2863,-5.5984062272035496e+16
2864,-7.32601559442918e+16
2865,-3.3215969504510708e+16
2866,-2.5484915011454476e+16
2867,-4.544498203864663e+16
2868,-5.277300801661191e+16
2869,-6.081991349042068e+16
2870,-1.0530234020467091e+17
2871,-5.747537921992193e+16
2872,-5.043470841112033e+16
2873,-7.429167931544262e+16
2874,-7.22589073807194e+16
2875,-4.473942306381792e+16
2876,-4.614427382045296e+16
2877,-3.52763744791305e+16
2878,-6.024735552071727e+16
2879,-6.747805895303242e+16
2880,-4.378179315581556e+16
2881,-1.286927022591856e+17
2882,-8.051669252772021e+16
2883,-5.8118655687668216e+16
2884,-7.74103816587967e+16
2885,-8.926944394527376e+16
2886,-9.925599834575672e+16
2887,-5.273895264776335e+16
2888,-4.873104399364332e+16
2889,-5.460356076710202e+16
2890,-4.671627121364304e+16
2891,-6.078353071765517e+16
2892,-7.472149611765133e+16
2893,-6.13663219177113e+16
2894,-5.214493343906331e+16
2895,-5.499447998296171e+16
2896,-4.331410677007783e+16
2897,-1.4943310525898358e+17
2898,-6.816143521325821e+16
2899,-6.97043298573806e+16
2900,-7.61736067255331e+16
2901,-2.925275416611586e+17
2902,-6.294756593130579e+16
2903,-9.981264186797014e+16
2904,-8.775411986485168e+16
2905,-1.8612223012383315e+17
2906,-5.6504960301464136e+16
2907,-2.0525277530049348e+16
2908,-6.6829185573956744e+16
2909,-8.657591762294856e+16
2910,-1.6628636107118978e+16
2911,-1.4426130865661968e+16
2912,-9.018988751878176e+16
2913,-1.4689950808741032e+16
2914,-1.4652262245444022e+16
2915,-1.685973523855454e+16
2916,-1.6633603858772484e+16
2917,-1.2461162237365461e+17
2918,-6.947750812208759e+16
2919,-6.355676696471216e+16
